123 Main St, Anytown, USA, 12345
456 Elm St, Somewhereville, USA, 56789
789 Oak Ave, Anotherplace, USA, 10111
321 Maple Ln, Yourtown, USA, 20222
555 Pine Dr, Elsewhere, USA, 30333
888 Cedar St, Nowhere, USA, 40444
999 Birch Blvd, Anyplace, USA, 50555
111 Spruce Ave, Everywhere, USA, 60666
444 Juniper Rd, Noplace, USA, 70777
777 Willow Way, Heretown, USA, 80888
234 Redwood Rd, Newville, USA, 90999
567 Magnolia St, Oldtown, USA, 10100
890 Chestnut Ave, Smallville, USA, 11222
1111 Laurel Ln, Westville, USA, 22333
2222 Acorn Ave, Greentown, USA, 33444
3333 Walnut Way, Eastville, USA, 44555
4444 Sycamore St, Southville, USA, 55666
5555 Birch Blvd, Northville, USA, 66777
6666 Maple Dr, Centerville, USA, 77888
7777 Pine Rd, Riverside, USA, 88999
8888 Cedar Ln, Hillside, USA, 99000
9999 Oak St, Lakeside, USA, 00111
1122 Willow Ave, Parkside, USA, 11222
2233 Elm Dr, Beachside, USA, 22333
3344 Maple Ln, Countryside, USA, 33444
4455 Birch Blvd, Riverside, USA, 44555
5566 Pine Rd, Hillcrest, USA, 55666
6677 Cedar St, Lakeside, USA, 66777
7788 Oak Ave, Parkview, USA, 77888
8899 Spruce Ave, Beachview, USA, 88999
9900 Walnut Way, Countryside, USA, 99000
0011 Acorn Blvd, Riverside, USA, 00111
1122 Redwood Rd, Hillcrest, USA, 11222
2233 Magnolia St, Lakeside, USA, 22333
3344 Chestnut Ave, Parkview, USA, 33444
4455 Laurel Ln, Beachview, USA, 44555
5566 Acorn Blvd, Countryside, USA, 55666
6677 Sycamore St, Riverside, USA, 66777
7788 Walnut Way, Hillcrest, USA, 77888
8899 Pine Rd, Lakeside, USA, 88999
9900 Cedar St, Parkview, USA, 99000
0011 Oak Ave, Beachview, USA, 00111
1122 Willow Ave, Countryside, USA, 11222
2233 Elm Dr, Riverside, USA, 22333
3344 Maple Ln, Hillcrest, USA, 33444
4455 Birch Blvd, Lakeside, USA, 44555
5566 Pine Rd, Parkview, USA, 55666
